user_id,subreddit_id,rec_score
FrenchLearnerJHU,Fantasy,0.204592108000178
FrenchLearnerJHU,LiverpoolFC,0.175631035903038
FrenchLearnerJHU,leafs,0.166589018447847
FrenchLearnerJHU,writing,0.165529858375053
FrenchLearnerJHU,booksuggestions,0.161097386451844
FrenchLearnerJHU,reddevils,0.147450345466088
FrenchLearnerJHU,Gunners,0.142683530170868
FrenchLearnerJHU,canucks,0.110024186122182
FrenchLearnerJHU,EdmontonOilers,0.105511193025436
FrenchLearnerJHU,formula1,0.103755196482464
FrenchLearnerJHU,rangers,0.0958382357637046
FrenchLearnerJHU,FantasyPL,0.095658533875486
FrenchLearnerJHU,DetroitRedWings,0.0952377711430958
FrenchLearnerJHU,CalgaryFlames,0.0946461604220205
FrenchLearnerJHU,penguins,0.0936623618076885
FrenchLearnerJHU,chelseafc,0.0904035632605676
FrenchLearnerJHU,baseball,0.090292128114591
FrenchLearnerJHU,MLS,0.0882608993052706
FrenchLearnerJHU,canes,0.0864201583592358
FrenchLearnerJHU,ColoradoAvalanche,0.0858772045439695
FrenchLearnerJHU,Boxing,0.0838574089390742
FrenchLearnerJHU,WoT,0.0837630722543753
FrenchLearnerJHU,dataisbeautiful,0.0832124140672754
FrenchLearnerJHU,devils,0.0805851577127313
FrenchLearnerJHU,Barca,0.0790693723019776
FrenchLearnerJHU,hockeyplayers,0.0774644638085187
FrenchLearnerJHU,Habs,0.0770554167683785
FrenchLearnerJHU,menwritingwomen,0.0757500584035001
FrenchLearnerJHU,BostonBruins,0.0728981044103242
FrenchLearnerJHU,Stormlight_Archive,0.0699059231584639
FrenchLearnerJHU,FIFA,0.0670899372712579
FrenchLearnerJHU,SanJoseSharks,0.0666529825877178
FrenchLearnerJHU,caps,0.0663975155458038
FrenchLearnerJHU,hawks,0.0640838287677724
FrenchLearnerJHU,sabres,0.0630857814948502
FrenchLearnerJHU,Documentaries,0.0621873044164265
FrenchLearnerJHU,scifi,0.0616947277176175
FrenchLearnerJHU,ScottishFootball,0.060945786735087
FrenchLearnerJHU,nhl,0.0609250688729757
FrenchLearnerJHU,coys,0.0603364621864886
FrenchLearnerJHU,footballmanagergames,0.0593392888868316
FrenchLearnerJHU,winnipegjets,0.0583348799254891
FrenchLearnerJHU,boardgames,0.0577358633405252
FrenchLearnerJHU,goldenknights,0.0569435858116991
FrenchLearnerJHU,tennis,0.0552125094023776
FrenchLearnerJHU,discgolf,0.0551473326868243
FrenchLearnerJHU,hockeyjerseys,0.0542899684773615
FrenchLearnerJHU,nba,0.0534966440999856
FrenchLearnerJHU,stephenking,0.0530448022038839
FrenchLearnerJHU,NewYorkIslanders,0.0526247965593141
FrenchLearnerJHU,fcbayern,0.0525706395427174
FrenchLearnerJHU,cremposting,0.0516823454604787
FrenchLearnerJHU,rugbyunion,0.0512283109424653
FrenchLearnerJHU,harrypotter,0.050885290741114
FrenchLearnerJHU,worldbuilding,0.0504790631837985
FrenchLearnerJHU,bookscirclejerk,0.0496302342767151
FrenchLearnerJHU,fantasyhockey,0.049426268880091
FrenchLearnerJHU,personalfinance,0.0490256097656267
FrenchLearnerJHU,instantkarma,0.0489693774338963
FrenchLearnerJHU,Suomi,0.0489521707098736
FrenchLearnerJHU,Flyers,0.0488664722706175
FrenchLearnerJHU,horrorlit,0.0484226821438461
FrenchLearnerJHU,CasualConversation,0.0483927355138888
FrenchLearnerJHU,history,0.0480468168047798
FrenchLearnerJHU,nfl,0.0478633202318784
FrenchLearnerJHU,TampaBayLightning,0.0471066630865262
FrenchLearnerJHU,UpliftingNews,0.0469778757830373
FrenchLearnerJHU,FiftyFifty,0.0460144110250517
FrenchLearnerJHU,Cosmere,0.0457764019628519
FrenchLearnerJHU,IAmA,0.0452016538039936
FrenchLearnerJHU,TwoXChromosomes,0.0450787434300134
FrenchLearnerJHU,ShitPostCrusaders,0.044367760765084
FrenchLearnerJHU,BlueJackets,0.0443326821869817
FrenchLearnerJHU,printSF,0.0440230619746012
FrenchLearnerJHU,confessions,0.0437730260774692
FrenchLearnerJHU,MCFC,0.043629946299129
FrenchLearnerJHU,fantasywriters,0.0430873324317192
FrenchLearnerJHU,SelfAwarewolves,0.0426483209141605
FrenchLearnerJHU,whatsthatbook,0.0426329305877886
FrenchLearnerJHU,OttawaSenators,0.0426067155691695
FrenchLearnerJHU,NHLHUT,0.0421310751935145
FrenchLearnerJHU,MovieSuggestions,0.0418127425561826
FrenchLearnerJHU,DallasStars,0.0408583472443232
FrenchLearnerJHU,Cricket,0.0408391322589122
FrenchLearnerJHU,HolUp,0.0404108195344896
FrenchLearnerJHU,AskAnAmerican,0.0403938271814898
FrenchLearnerJHU,stlouisblues,0.0401670013426929
FrenchLearnerJHU,Juve,0.0399096669947933
FrenchLearnerJHU,Guildwars2,0.0397840778226333
FrenchLearnerJHU,pcmasterrace,0.0396738669856666
FrenchLearnerJHU,Screenwriting,0.0394008463679594
FrenchLearnerJHU,rpg,0.039374194932174
FrenchLearnerJHU,wildhockey,0.0393309418182305
FrenchLearnerJHU,Predators,0.0385552640836852
FrenchLearnerJHU,Watches,0.0384484004127084
FrenchLearnerJHU,Championship,0.0383040369085525
FrenchLearnerJHU,me_irl,0.0382561125131434
FrenchLearnerJHU,HumansBeingBros,0.0378601883963681
FrenchLearnerJHU,AMA,0.037738836246712
FrenchLearnerJHU,dresdenfiles,0.0375777096699261
TeachMeGermanJHU,Gunners,0.167112772147198
TeachMeGermanJHU,reddevils,0.164149858081106
TeachMeGermanJHU,FantasyPL,0.120687535445022
TeachMeGermanJHU,FIFA,0.117460333018097
TeachMeGermanJHU,chelseafc,0.108715214928001
TeachMeGermanJHU,brasilivre,0.106128790403331
TeachMeGermanJHU,futebol,0.101067778651895
TeachMeGermanJHU,coys,0.0953928997943921
TeachMeGermanJHU,footballmanagergames,0.0926870645430405
TeachMeGermanJHU,Barca,0.0886679136823207
TeachMeGermanJHU,MLS,0.0837057248101391
TeachMeGermanJHU,portugal,0.082171334630759
TeachMeGermanJHU,realmadrid,0.0753554073486607
TeachMeGermanJHU,MCFC,0.0695206445325745
TeachMeGermanJHU,ireland,0.0684953652912476
TeachMeGermanJHU,formula1,0.0631872127682737
TeachMeGermanJHU,desabafos,0.0619588565932506
TeachMeGermanJHU,ScottishFootball,0.0535031786039103
TeachMeGermanJHU,TIHI,0.0500419972321243
TeachMeGermanJHU,FifaCareers,0.0490556791960993
TeachMeGermanJHU,asklatinamerica,0.0470259221535356
TeachMeGermanJHU,classicwow,0.0445148430466083
TeachMeGermanJHU,rugbyunion,0.0439971532374833
TeachMeGermanJHU,fcbayern,0.0439627711935396
TeachMeGermanJHU,natureismetal,0.0406814765234823
TeachMeGermanJHU,Championship,0.0384830672870915
TeachMeGermanJHU,ACMilan,0.0376806285425918
TeachMeGermanJHU,skyrim,0.0373243704239654
TeachMeGermanJHU,Coronavirus,0.0369874279923633
TeachMeGermanJHU,Juve,0.0360404682343322
TeachMeGermanJHU,Everton,0.0357477813929907
TeachMeGermanJHU,trees,0.0346158825488053
TeachMeGermanJHU,galatasaray,0.0341436791392977
TeachMeGermanJHU,Art,0.0337560654414365
TeachMeGermanJHU,Conservative,0.0332578372616525
TeachMeGermanJHU,borussiadortmund,0.0322843944186486
TeachMeGermanJHU,entitledparents,0.0319019050236578
TeachMeGermanJHU,explainlikeimfive,0.0317301839836943
TeachMeGermanJHU,Instagramreality,0.0317295784490821
TeachMeGermanJHU,CasualUK,0.0314513991948966
TeachMeGermanJHU,HumansBeingBros,0.0314119697481466
TeachMeGermanJHU,PrimeiraLiga,0.0309022457174963
TeachMeGermanJHU,Brawlstars,0.0308668427726143
TeachMeGermanJHU,KidsAreFuckingStupid,0.0306146799634353
TeachMeGermanJHU,wallstreetbets,0.0303764044932609
TeachMeGermanJHU,dataisbeautiful,0.0300575285253715
TeachMeGermanJHU,fcporto,0.0299792337101237
TeachMeGermanJHU,ussoccer,0.0299669467884162
TeachMeGermanJHU,MortalKombat,0.0298514756082216
TeachMeGermanJHU,soccercirclejerk,0.0296526276230055
TeachMeGermanJHU,orochinho,0.0296434522841232
TeachMeGermanJHU,magicTCG,0.0296127343921462
TeachMeGermanJHU,uruguay,0.0282850152603121
TeachMeGermanJHU,AtlantaUnited,0.0281448421538654
TeachMeGermanJHU,Aquariums,0.0277070013993403
TeachMeGermanJHU,DotA2,0.0274219233647606
TeachMeGermanJHU,CapitalismVSocialism,0.0273682246732832
TeachMeGermanJHU,conspiracy,0.0273568877615374
TeachMeGermanJHU,EDH,0.0273527392630237
TeachMeGermanJHU,WinStupidPrizes,0.0273064173686531
TeachMeGermanJHU,ItHadToBeBrazil,0.0266080102404059
TeachMeGermanJHU,Rainbow6,0.0264790554234241
TeachMeGermanJHU,PremierLeague,0.0263204995333044
TeachMeGermanJHU,deadbydaylight,0.0262560489855254
TeachMeGermanJHU,medizzy,0.025829033701677
TeachMeGermanJHU,toronto,0.0257963526966275
TeachMeGermanJHU,MagicArena,0.025255685781105
TeachMeGermanJHU,sex,0.0251784887734286
TeachMeGermanJHU,intermittentfasting,0.0250832790082054
TeachMeGermanJHU,thenetherlands,0.0249529474388474
TeachMeGermanJHU,ClashRoyale,0.0248358869193136
TeachMeGermanJHU,malefashionadvice,0.0247301576108736
TeachMeGermanJHU,cars,0.0245971186725242
TeachMeGermanJHU,pesmobile,0.0244340775986132
TeachMeGermanJHU,Boxing,0.0244046186378967
TeachMeGermanJHU,writing,0.0241316008153633
TeachMeGermanJHU,Sims4,0.0239018342127542
TeachMeGermanJHU,2007scape,0.0238105846865609
TeachMeGermanJHU,thesims,0.0237988184029614
TeachMeGermanJHU,Aleague,0.0235370713050414
TeachMeGermanJHU,circojeca,0.0235270109036341
TeachMeGermanJHU,MaddenUltimateTeam,0.0234799652855444
TeachMeGermanJHU,apple,0.0234707068013652
TeachMeGermanJHU,preppers,0.0233824322614524
TeachMeGermanJHU,nhaa,0.0233724813036062
TeachMeGermanJHU,wow,0.0233442959565408
TeachMeGermanJHU,SoccerBetting,0.0232319936395218
TeachMeGermanJHU,forhonor,0.0230834127681414
TeachMeGermanJHU,nba,0.0229989990614506
TeachMeGermanJHU,SelfAwarewolves,0.0229943655701238
TeachMeGermanJHU,CanadianPL,0.0228052953335351
TeachMeGermanJHU,argentina,0.0227333326094574
TeachMeGermanJHU,NSFWIAMA,0.0227062845226656
TeachMeGermanJHU,PoliticalHumor,0.0224110169861018
TeachMeGermanJHU,bettafish,0.0223860073490705
TeachMeGermanJHU,tennis,0.0223299643446517
TeachMeGermanJHU,croatia,0.0223081565296009
TeachMeGermanJHU,neoliberal,0.0222680403368913
TeachMeGermanJHU,JUSTNOMIL,0.021969678837832
TeachMeGermanJHU,LigaMX,0.0219667549247138
SportsNotSprouts,britishproblems,0.21438451688866
SportsNotSprouts,AskUK,0.189808458546644
SportsNotSprouts,unitedkingdom,0.113932688786741
SportsNotSprouts,vegancirclejerk,0.112325520293663
SportsNotSprouts,Futurology,0.0970191576863066
SportsNotSprouts,UKPersonalFinance,0.0929202759389766
SportsNotSprouts,LegalAdviceUK,0.0764992230616023
SportsNotSprouts,london,0.0690488924609165
SportsNotSprouts,Boxing,0.0684583403533658
SportsNotSprouts,ukpolitics,0.0676233624398043
SportsNotSprouts,UpliftingNews,0.0618000542015422
SportsNotSprouts,Documentaries,0.0603486297075949
SportsNotSprouts,rugbyunion,0.0600762281600005
SportsNotSprouts,MovieDetails,0.0574763947568582
SportsNotSprouts,DebateAVegan,0.0560413563063159
SportsNotSprouts,ZeroWaste,0.0555672058380081
SportsNotSprouts,golf,0.0540816445187345
SportsNotSprouts,IAmA,0.0494784770556005
SportsNotSprouts,nfl,0.0474141082001146
SportsNotSprouts,ScottishPeopleTwitter,0.046891223973139
SportsNotSprouts,BoJackHorseman,0.0468865645323809
SportsNotSprouts,running,0.0454828631865327
SportsNotSprouts,modernwarfare,0.0451130328599745
SportsNotSprouts,Bad_Cop_No_Donut,0.045068191447768
SportsNotSprouts,confessions,0.0438678204809285
SportsNotSprouts,fightporn,0.0438422487834491
SportsNotSprouts,gadgets,0.043550674388309
SportsNotSprouts,formula1,0.0431918267030583
SportsNotSprouts,Neverbrokeabone,0.0419931057748362
SportsNotSprouts,jacksepticeye,0.0417358172188597
SportsNotSprouts,PlantBasedDiet,0.0413687391200441
SportsNotSprouts,LoveIsBlindOnNetflix,0.0404996623948045
SportsNotSprouts,Cricket,0.0398383832332988
SportsNotSprouts,Gamingcirclejerk,0.039610181270913
SportsNotSprouts,Guitar,0.0395897629088797
SportsNotSprouts,soccer,0.0392503049921562
SportsNotSprouts,OnePiece,0.038981335235811
SportsNotSprouts,GetMotivated,0.0385211898067969
SportsNotSprouts,Watches,0.038242848001896
SportsNotSprouts,AdviceAnimals,0.0378813834835885
SportsNotSprouts,piercing,0.0366110316583042
SportsNotSprouts,Scotland,0.0357332077871711
SportsNotSprouts,antinatalism,0.0356690489560837
SportsNotSprouts,fatlogic,0.0355525845128681
SportsNotSprouts,niceguys,0.0350145608313067
SportsNotSprouts,dataisbeautiful,0.0346855278150451
SportsNotSprouts,StardewValley,0.0344472505561266
SportsNotSprouts,CollegeBasketball,0.0341797700301624
SportsNotSprouts,LoveIslandTV,0.033719634057847
SportsNotSprouts,badwomensanatomy,0.0335324426938955
SportsNotSprouts,PresidentialRaceMemes,0.0334261422216243
SportsNotSprouts,confession,0.0333043083429676
SportsNotSprouts,meme,0.0332905154374611
SportsNotSprouts,bicycling,0.0327254753161922
SportsNotSprouts,ShitPostCrusaders,0.0326823884676635
SportsNotSprouts,YangForPresidentHQ,0.0320438150026254
SportsNotSprouts,DunderMifflin,0.0319969081981757
SportsNotSprouts,weddingplanning,0.0319306841996348
SportsNotSprouts,TooAfraidToAsk,0.0318473245589836
SportsNotSprouts,ShitAmericansSay,0.0314800161701954
SportsNotSprouts,space,0.0314389523735344
SportsNotSprouts,NoMansSkyTheGame,0.0309701772172122
SportsNotSprouts,dogs,0.0300811130304603
SportsNotSprouts,ShittyVeganFoodPorn,0.0300287178646842
SportsNotSprouts,cycling,0.0299715368087327
SportsNotSprouts,MNTrolls,0.0296779920832014
SportsNotSprouts,ibs,0.0286457295322448
SportsNotSprouts,badunitedkingdom,0.0285055001316236
SportsNotSprouts,TikTokCringe,0.0285031714737139
SportsNotSprouts,veganfitness,0.0282446963399215
SportsNotSprouts,OldSchoolCool,0.0281297137314842
SportsNotSprouts,HermitCraft,0.0276511483650681
SportsNotSprouts,HolUp,0.0275336331456408
SportsNotSprouts,askteenboys,0.0275095890708205
SportsNotSprouts,lgbt,0.0273907660878262
SportsNotSprouts,cars,0.0269951862589218
SportsNotSprouts,veganrecipes,0.0269567429844105
SportsNotSprouts,Vaping,0.0269416640787031
SportsNotSprouts,xboxone,0.0268155372496628
SportsNotSprouts,vegetarian,0.0267630782796468
SportsNotSprouts,WorldOfWarships,0.0264967541942472
SportsNotSprouts,BritishSuccess,0.0264203905454981
SportsNotSprouts,CFB,0.0262764766242391
SportsNotSprouts,VeganForCircleJerkers,0.0261253783914187
SportsNotSprouts,suspiciouslyspecific,0.0260603821770433
SportsNotSprouts,LiverpoolFC,0.0258597725791486
SportsNotSprouts,rupaulsdragrace,0.0258031781033629
SportsNotSprouts,tattoos,0.0255465391146716
SportsNotSprouts,argentina,0.0250404075179612
SportsNotSprouts,bikewrench,0.0249702131008658
SportsNotSprouts,Anticonsumption,0.0248860933934663
SportsNotSprouts,factorio,0.0248426965755156
SportsNotSprouts,CasualConversation,0.0247756960098264
SportsNotSprouts,EDAnonymous,0.0246533101196887
SportsNotSprouts,instantkarma,0.0245966244164343
SportsNotSprouts,nutrition,0.0245639794477366
SportsNotSprouts,HydroHomies,0.0245288338952161
SportsNotSprouts,devils,0.0244738191520408
SportsNotSprouts,thedivision,0.0243793356788689
SportsNotSprouts,Portland,0.0242975453440185
